Workbook

Sheet Combined
A1: ability_id | B1: abilities | C1: oral comprehension | D1: written comprehension | E1: oral expression | F1: written expression | G1: fluency of ideas | H1: originality | I1: problem sensitivity | J1: deductive reasoning | K1: inductive reasoning | L1: information ordering | M1: category flexibility | N1: mathematical reasoning | O1: number facility | P1: memorization | Q1: speed of closure | R1: flexibility of closure | S1: perceptual speed | T1: spatial orientation | U1: visualization | V1: selective attention | W1: time sharing | X1: arm-hand steadiness | Y1: manual dexterity | Z1: finger dexterity | AA1: control precision | AB1: multilimb coordination | AC1: response orientation | AD1: rate control | AE1: reaction time | AF1: wrist-finger speed | AG1: speed of limb movement | AH1: static strength | AI1: explosive strength | AJ1: dynamic strength | AK1: trunk strength | AL1: stamina | AM1: extent flexibility | AN1: dynamic flexibility | AO1: gross body coordination | AP1: gross body equilibrium | AQ1: near vision | AR1: far vision | AS1: visual color discrimination | AT1: night vision | AU1: peripheral vision | AV1: depth perception | AW1: glare sensitivity | AX1: hearing sensitivity | AY1: auditory attention | AZ1: sound localization | BA1: speech recognition | BB1: speech clarity
A2: 1 | B2: abstract strategy games | C2: =SUM(Felten!C2, Xintianhan!C2, Phut!C2, Sreyas!C2)/4 -> 0 | D2: =SUM(Felten!D2, Xintianhan!D2, Phut!D2, Sreyas!D2)/4 -> 0.25 | E2: =SUM(Felten!E2, Xintianhan!E2, Phut!E2, Sreyas!E2)/4 -> 0 | F2: =SUM(Felten!F2, Xintianhan!F2, Phut!F2, Sreyas!F2)/4 -> 0.25 | G2: =SUM(Felten!G2, Xintianhan!G2, Phut!G2, Sreyas!G2)/4 -> 0.25 | H2: =SUM(Felten!H2, Xintianhan!H2, Phut!H2, Sreyas!H2)/4 -> 0.75 | I2: =SUM(Felten!I2, Xintianhan!I2, Phut!I2, Sreyas!I2)/4 -> 1 | J2: =SUM(Felten!J2, Xintianhan!J2, Phut!J2, Sreyas!J2)/4 -> 1 | ... BB2: =SUM(Felten!BB2, Xintianhan!BB2, Phut!BB2, Sreyas!BB2)/4 -> 0
A3: 2 | B3: real-time video games | C3: =SUM(Felten!C3, Xintianhan!C3, Phut!C3, Sreyas!C3)/4 -> 0.25 | D3: =SUM(Felten!D3, Xintianhan!D3, Phut!D3, Sreyas!D3)/4 -> 0.25 | E3: =SUM(Felten!E3, Xintianhan!E3, Phut!E3, Sreyas!E3)/4 -> 0 | F3: =SUM(Felten!F3, Xintianhan!F3, Phut!F3, Sreyas!F3)/4 -> 0.25 | G3: =SUM(Felten!G3, Xintianhan!G3, Phut!G3, Sreyas!G3)/4 -> 0.5 | H3: =SUM(Felten!H3, Xintianhan!H3, Phut!H3, Sreyas!H3)/4 -> 0.5 | I3: =SUM(Felten!I3, Xintianhan!I3, Phut!I3, Sreyas!I3)/4 -> 1 | J3: =SUM(Felten!J3, Xintianhan!J3, Phut!J3, Sreyas!J3)/4 -> 0.75 | ... BB3: =SUM(Felten!BB3, Xintianhan!BB3, Phut!BB3, Sreyas!BB3)/4 -> 0
A4: 3 | B4: image recognition | C4: =SUM(Felten!C4, Xintianhan!C4, Phut!C4, Sreyas!C4)/4 -> 0 | D4: =SUM(Felten!D4, Xintianhan!D4, Phut!D4, Sreyas!D4)/4 -> 0.25 | E4: =SUM(Felten!E4, Xintianhan!E4, Phut!E4, Sreyas!E4)/4 -> 0 | F4: =SUM(Felten!F4, Xintianhan!F4, Phut!F4, Sreyas!F4)/4 -> 0.25 | G4: =SUM(Felten!G4, Xintianhan!G4, Phut!G4, Sreyas!G4)/4 -> 0.5 | H4: =SUM(Felten!H4, Xintianhan!H4, Phut!H4, Sreyas!H4)/4 -> 0.5 | I4: =SUM(Felten!I4, Xintianhan!I4, Phut!I4, Sreyas!I4)/4 -> 0 | J4: =SUM(Felten!J4, Xintianhan!J4, Phut!J4, Sreyas!J4)/4 -> 0.5 | ... BB4: =SUM(Felten!BB4, Xintianhan!BB4, Phut!BB4, Sreyas!BB4)/4 -> 0
A5: 4 | B5: visual question answering | C5: =SUM(Felten!C5, Xintianhan!C5, Phut!C5, Sreyas!C5)/4 -> 0 | D5: =SUM(Felten!D5, Xintianhan!D5, Phut!D5, Sreyas!D5)/4 -> 0.5 | E5: =SUM(Felten!E5, Xintianhan!E5, Phut!E5, Sreyas!E5)/4 -> 0.25 | F5: =SUM(Felten!F5, Xintianhan!F5, Phut!F5, Sreyas!F5)/4 -> 0.5 | G5: =SUM(Felten!G5, Xintianhan!G5, Phut!G5, Sreyas!G5)/4 -> 0.75 | H5: =SUM(Felten!H5, Xintianhan!H5, Phut!H5, Sreyas!H5)/4 -> 0.5 | I5: =SUM(Felten!I5, Xintianhan!I5, Phut!I5, Sreyas!I5)/4 -> 0.25 | J5: =SUM(Felten!J5, Xintianhan!J5, Phut!J5, Sreyas!J5)/4 -> 0.75 | ... BB5: =SUM(Felten!BB5, Xintianhan!BB5, Phut!BB5, Sreyas!BB5)/4 -> 0.25
A6: 5 | B6: video recognition | C6: =SUM(Felten!C6, Xintianhan!C6, Phut!C6, Sreyas!C6)/4 -> 0 | D6: =SUM(Felten!D6, Xintianhan!D6, Phut!D6, Sreyas!D6)/4 -> 0.5 | E6: =SUM(Felten!E6, Xintianhan!E6, Phut!E6, Sreyas!E6)/4 -> 0 | F6: =SUM(Felten!F6, Xintianhan!F6, Phut!F6, Sreyas!F6)/4 -> 0.25 | G6: =SUM(Felten!G6, Xintianhan!G6, Phut!G6, Sreyas!G6)/4 -> 0.5 | H6: =SUM(Felten!H6, Xintianhan!H6, Phut!H6, Sreyas!H6)/4 -> 0.5 | I6: =SUM(Felten!I6, Xintianhan!I6, Phut!I6, Sreyas!I6)/4 -> 0 | J6: =SUM(Felten!J6, Xintianhan!J6, Phut!J6, Sreyas!J6)/4 -> 0.5 | ... BB6: =SUM(Felten!BB6, Xintianhan!BB6, Phut!BB6, Sreyas!BB6)/4 -> 0
A7: 6 | B7: generating images | C7: =SUM(Felten!C7, Xintianhan!C7, Phut!C7, Sreyas!C7)/4 -> 0 | D7: =SUM(Felten!D7, Xintianhan!D7, Phut!D7, Sreyas!D7)/4 -> 0.25 | E7: =SUM(Felten!E7, Xintianhan!E7, Phut!E7, Sreyas!E7)/4 -> 0 | F7: =SUM(Felten!F7, Xintianhan!F7, Phut!F7, Sreyas!F7)/4 -> 0.5 | G7: =SUM(Felten!G7, Xintianhan!G7, Phut!G7, Sreyas!G7)/4 -> 0.75 | H7: =SUM(Felten!H7, Xintianhan!H7, Phut!H7, Sreyas!H7)/4 -> 1 | I7: =SUM(Felten!I7, Xintianhan!I7, Phut!I7, Sreyas!I7)/4 -> 0 | J7: =SUM(Felten!J7, Xintianhan!J7, Phut!J7, Sreyas!J7)/4 -> 0.25 | ... BB7: =SUM(Felten!BB7, Xintianhan!BB7, Phut!BB7, Sreyas!BB7)/4 -> 0
A8: 7 | B8: reading comprehension | C8: =SUM(Felten!C8, Xintianhan!C8, Phut!C8, Sreyas!C8)/4 -> 0.25 | D8: =SUM(Felten!D8, Xintianhan!D8, Phut!D8, Sreyas!D8)/4 -> 1 | E8: =SUM(Felten!E8, Xintianhan!E8, Phut!E8, Sreyas!E8)/4 -> 0 | F8: =SUM(Felten!F8, Xintianhan!F8, Phut!F8, Sreyas!F8)/4 -> 0.5 | G8: =SUM(Felten!G8, Xintianhan!G8, Phut!G8, Sreyas!G8)/4 -> 0.5 | H8: =SUM(Felten!H8, Xintianhan!H8, Phut!H8, Sreyas!H8)/4 -> 0.5 | I8: =SUM(Felten!I8, Xintianhan!I8, Phut!I8, Sreyas!I8)/4 -> 0.25 | J8: =SUM(Felten!J8, Xintianhan!J8, Phut!J8, Sreyas!J8)/4 -> 1 | ... BB8: =SUM(Felten!BB8, Xintianhan!BB8, Phut!BB8, Sreyas!BB8)/4 -> 0
A9: 8 | B9: language modeling | C9: =SUM(Felten!C9, Xintianhan!C9, Phut!C9, Sreyas!C9)/4 -> 0.5 | D9: =SUM(Felten!D9, Xintianhan!D9, Phut!D9, Sreyas!D9)/4 -> 1 | E9: =SUM(Felten!E9, Xintianhan!E9, Phut!E9, Sreyas!E9)/4 -> 0.25 | F9: =SUM(Felten!F9, Xintianhan!F9, Phut!F9, Sreyas!F9)/4 -> 0.5 | G9: =SUM(Felten!G9, Xintianhan!G9, Phut!G9, Sreyas!G9)/4 -> 0.5 | H9: =SUM(Felten!H9, Xintianhan!H9, Phut!H9, Sreyas!H9)/4 -> 0.75 | I9: =SUM(Felten!I9, Xintianhan!I9, Phut!I9, Sreyas!I9)/4 -> 0.5 | J9: =SUM(Felten!J9, Xintianhan!J9, Phut!J9, Sreyas!J9)/4 -> 0.75 | ... BB9: =SUM(Felten!BB9, Xintianhan!BB9, Phut!BB9, Sreyas!BB9)/4 -> 0.25
A10: 9 | B10: conversation | C10: =SUM(Felten!C10, Xintianhan!C10, Phut!C10, Sreyas!C10)/4 -> 0.75 | D10: =SUM(Felten!D10, Xintianhan!D10, Phut!D10, Sreyas!D10)/4 -> 0.75 | E10: =SUM(Felten!E10, Xintianhan!E10, Phut!E10, Sreyas!E10)/4 -> 0.75 | F10: =SUM(Felten!F10, Xintianhan!F10, Phut!F10, Sreyas!F10)/4 -> 0.75 | G10: =SUM(Felten!G10, Xintianhan!G10, Phut!G10, Sreyas!G10)/4 -> 0.5 | H10: =SUM(Felten!H10, Xintianhan!H10, Phut!H10, Sreyas!H10)/4 -> 0.5 | I10: =SUM(Felten!I10, Xintianhan!I10, Phut!I10, Sreyas!I10)/4 -> 0.25 | J10: =SUM(Felten!J10, Xintianhan!J10, Phut!J10, Sreyas!J10)/4 -> 1 | ... BB10: =SUM(Felten!BB10, Xintianhan!BB10, Phut!BB10, Sreyas!BB10)/4 -> 0.75
A11: 10 | B11: translation | C11: =SUM(Felten!C11, Xintianhan!C11, Phut!C11, Sreyas!C11)/4 -> 0.5 | D11: =SUM(Felten!D11, Xintianhan!D11, Phut!D11, Sreyas!D11)/4 -> 1 | E11: =SUM(Felten!E11, Xintianhan!E11, Phut!E11, Sreyas!E11)/4 -> 0.5 | F11: =SUM(Felten!F11, Xintianhan!F11, Phut!F11, Sreyas!F11)/4 -> 1 | G11: =SUM(Felten!G11, Xintianhan!G11, Phut!G11, Sreyas!G11)/4 -> 0.25 | H11: =SUM(Felten!H11, Xintianhan!H11, Phut!H11, Sreyas!H11)/4 -> 0.25 | I11: =SUM(Felten!I11, Xintianhan!I11, Phut!I11, Sreyas!I11)/4 -> 0.25 | J11: =SUM(Felten!J11, Xintianhan!J11, Phut!J11, Sreyas!J11)/4 -> 0.75 | ... BB11: =SUM(Felten!BB11, Xintianhan!BB11, Phut!BB11, Sreyas!BB11)/4 -> 0.5
A12: 11 | B12: speech recognition | C12: =SUM(Felten!C12, Xintianhan!C12, Phut!C12, Sreyas!C12)/4 -> 1 | D12: =SUM(Felten!D12, Xintianhan!D12, Phut!D12, Sreyas!D12)/4 -> 0.5 | E12: =SUM(Felten!E12, Xintianhan!E12, Phut!E12, Sreyas!E12)/4 -> 0.5 | F12: =SUM(Felten!F12, Xintianhan!F12, Phut!F12, Sreyas!F12)/4 -> 0.5 | G12: =SUM(Felten!G12, Xintianhan!G12, Phut!G12, Sreyas!G12)/4 -> 0.25 | H12: =SUM(Felten!H12, Xintianhan!H12, Phut!H12, Sreyas!H12)/4 -> 0.25 | I12: =SUM(Felten!I12, Xintianhan!I12, Phut!I12, Sreyas!I12)/4 -> 0.25 | J12: =SUM(Felten!J12, Xintianhan!J12, Phut!J12, Sreyas!J12)/4 -> 0.5 | ... BB12: =SUM(Felten!BB12, Xintianhan!BB12, Phut!BB12, Sreyas!BB12)/4 -> 0.75
A13: 12 | B13: solving constrained, well-specified technical problems | C13: =SUM(Felten!C13, Xintianhan!C13, Phut!C13, Sreyas!C13)/4 -> 0.25 | D13: =SUM(Felten!D13, Xintianhan!D13, Phut!D13, Sreyas!D13)/4 -> 0.5 | E13: =SUM(Felten!E13, Xintianhan!E13, Phut!E13, Sreyas!E13)/4 -> 0 | F13: =SUM(Felten!F13, Xintianhan!F13, Phut!F13, Sreyas!F13)/4 -> 0.25 | G13: =SUM(Felten!G13, Xintianhan!G13, Phut!G13, Sreyas!G13)/4 -> 0.75 | H13: =SUM(Felten!H13, Xintianhan!H13, Phut!H13, Sreyas!H13)/4 -> 1 | I13: =SUM(Felten!I13, Xintianhan!I13, Phut!I13, Sreyas!I13)/4 -> 1 | J13: =SUM(Felten!J13, Xintianhan!J13, Phut!J13, Sreyas!J13)/4 -> 1 | ... BB13: =SUM(Felten!BB13, Xintianhan!BB13, Phut!BB13, Sreyas!BB13)/4 -> 0.25
... A17: 16 | B17: pedestrian detection for self-driving vehicles | C17: =SUM(Felten!C17, Xintianhan!C17, Phut!C17, Sreyas!C17)/4 -> 0 | D17: =SUM(Felten!D17, Xintianhan!D17, Phut!D17, Sreyas!D17)/4 -> 0.25 | E17: =SUM(Felten!E17, Xintianhan!E17, Phut!E17, Sreyas!E17)/4 -> 0 | F17: =SUM(Felten!F17, Xintianhan!F17, Phut!F17, Sreyas!F17)/4 -> 0.25 | G17: =SUM(Felten!G17, Xintianhan!G17, Phut!G17, Sreyas!G17)/4 -> 0.25 | H17: =SUM(Felten!H17, Xintianhan!H17, Phut!H17, Sreyas!H17)/4 -> 0.5 | I17: =SUM(Felten!I17, Xintianhan!I17, Phut!I17, Sreyas!I17)/4 -> 1 | J17: =SUM(Felten!J17, Xintianhan!J17, Phut!J17, Sreyas!J17)/4 -> 0.75 | ... BB17: =SUM(Felten!BB17, Xintianhan!BB17, Phut!BB17, Sreyas!BB17)/4 -> 0

Sheet Felten
A1: ability_id | B1: abilities | C1: oral comprehension | D1: written comprehension | E1: oral expression | F1: written expression | G1: fluency of ideas | H1: originality | I1: problem sensitivity | J1: deductive reasoning | K1: inductive reasoning | L1: information ordering | M1: category flexibility | N1: mathematical reasoning | O1: number facility | P1: memorization | Q1: speed of closure | R1: flexibility of closure | S1: perceptual speed | T1: spatial orientation | U1: visualization | V1: selective attention | W1: time sharing | X1: arm-hand steadiness | Y1: manual dexterity | Z1: finger dexterity | AA1: control precision | AB1: multilimb coordination | AC1: response orientation | AD1: rate control | AE1: reaction time | AF1: wrist-finger speed | AG1: speed of limb movement | AH1: static strength | AI1: explosive strength | AJ1: dynamic strength | AK1: trunk strength | AL1: stamina | AM1: extent flexibility | AN1: dynamic flexibility | AO1: gross body coordination | AP1: gross body equilibrium | AQ1: near vision | AR1: far vision | AS1: visual color discrimination | AT1: night vision | AU1: peripheral vision | AV1: depth perception | AW1: glare sensitivity | AX1: hearing sensitivity | AY1: auditory attention | AZ1: sound localization | BA1: speech recognition | BB1: speech clarity
A2: 1 | B2: abstract strategy games | H2: 1 | I2: 1 | J2: 1 | L2: 1 | P2: 1 | Q2: 1 | R2: 1 | S2: 1 | U2: 1
A3: 2 | B3: real-time video games | I3: 1 | J3: 1 | K3: 1 | L3: 1 | M3: 1 | O3: 1 | P3: 1 | Q3: 1 | R3: 1 | S3: 1 | T3: 1 | U3: 1
A4: 3 | B4: image recognition | L4: 1 | M4: 1 | P4: 1 | Q4: 1 | R4: 1 | S4: 1 | AQ4: 1 | AR4: 1 | AS4: 1 | AT4: 1 | AU4: 1 | AV4: 1 | AW4: 1
A5: 4 | B5: visual question answering | F5: 1 | J5: 1 | L5: 1 | M5: 1 | O5: 1 | P5: 1 | R5: 1 | S5: 1 | U5: 1 | AQ5: 1 | AR5: 1 | AS5: 1 | AT5: 1 | AU5: 1 | AV5: 1 | AW5: 1
A6: 5 | B6: video recognition | L6: 1 | M6: 1 | P6: 1 | Q6: 1 | R6: 1 | S6: 1 | AQ6: 1 | AR6: 1 | AS6: 1 | AT6: 1 | AU6: 1 | AV6: 1 | AW6: 1
A7: 6 | B7: generating images | G7: 1 | H7: 1 | L7: 1 | P7: 1 | U7: 1
A8: 7 | B8: reading comprehension | D8: 1 | F8: 1 | J8: 1 | K8: 1 | M8: 1 | P8: 1 | Q8: 1 | R8: 1 | S8: 1
A9: 8 | B9: language modeling | D9: 1 | J9: 1 | K9: 1 | L9: 1 | M9: 1 | P9: 1 | Q9: 1 | R9: 1 | S9: 1
A10: 9 | B10: conversation | D10: 1 | F10: 1 | J10: 1 | L10: 1 | M10: 1 | P10: 1 | Q10: 1 | S10: 1
A11: 10 | B11: translation | D11: 1 | F11: 1 | J11: 1 | L11: 1 | M11: 1 | P11: 1
A12: 11 | B12: speech recognition | C12: 1 | J12: 1 | K12: 1 | L12: 1 | M12: 1 | P12: 1 | Q12: 1 | R12: 1 | S12: 1 | AY12: 1 | BA12: 1
A13: 12 | B13: solving constrained, well-specified technical problems | G13: 1 | H13: 1 | I13: 1 | J13: 1 | L13: 1 | N13: 1 | O13: 1 | Q13: 1
A14: 13 | B14: solving real-world technical problems | G14: 1 | H14: 1 | I14: 1 | J14: 1 | K14: 1 | L14: 1 | M14: 1 | N14: 1 | O14: 1 | P14: 1 | Q14: 1 | R14: 1
A15: 14 | B15: generating computer programs from specifications | G15: 1 | H15: 1 | I15: 1 | J15: 1 | L15: 1 | M15: 1 | N15: 1 | O15: 1 | P15: 1
A16: 15 | B16: automated hacking systems | G16: 1 | H16: 1 | I16: 1 | J16: 1 | K16: 1 | L16: 1 | M16: 1 | N16: 1 | O16: 1 | P16: 1 | Q16: 1 | R16: 1 | S16: 1
A17: 16 | B17: pedestrian detection for self-driving vehicles | I17: 1 | L17: 1 | M17: 1 | P17: 1 | Q17: 1 | R17: 1 | S17: 1 | AQ17: 1 | AR17: 1 | AS17: 1 | AT17: 1 | AU17: 1 | AV17: 1 | AW17: 1

Sheet Xintianhan
A1: ability_id | B1: abilities | C1: oral comprehension | D1: written comprehension | E1: oral expression | F1: written expression | G1: fluency of ideas | H1: originality | I1: problem sensitivity | J1: deductive reasoning | K1: inductive reasoning | L1: information ordering | M1: category flexibility | N1: mathematical reasoning | O1: number facility | P1: memorization | Q1: speed of closure | R1: flexibility of closure | S1: perceptual speed | T1: spatial orientation | U1: visualization | V1: selective attention | W1: time sharing | X1: arm-hand steadiness | Y1: manual dexterity | Z1: finger dexterity | AA1: control precision | AB1: multilimb coordination | AC1: response orientation | AD1: rate control | AE1: reaction time | AF1: wrist-finger speed | AG1: speed of limb movement | AH1: static strength | AI1: explosive strength | AJ1: dynamic strength | AK1: trunk strength | AL1: stamina | AM1: extent flexibility | AN1: dynamic flexibility | AO1: gross body coordination | AP1: gross body equilibrium | AQ1: near vision | AR1: far vision | AS1: visual color discrimination | AT1: night vision | AU1: peripheral vision | AV1: depth perception | AW1: glare sensitivity | AX1: hearing sensitivity | AY1: auditory attention | AZ1: sound localization | BA1: speech recognition | BB1: speech clarity
A2: 1 | B2: abstract strategy games | H2: 1 | I2: 1 | J2: 1 | K2: 1 | L2: 1 | M2: 1 | N2: 1 | O2: 1 | P2: 1 | Q2: 1 | R2: 1 | S2: 1 | U2: 1 | V2: 1
A3: 2 | B3: real-time video games | C3: 1 | G3: 1 | H3: 1 | I3: 1 | J3: 1 | K3: 1 | L3: 1 | N3: 1 | P3: 1 | T3: 1 | U3: 1 | W3: 1 | X3: 1 | Y3: 1 | Z3: 1 | AA3: 1 | AB3: 1 | AC3: 1 | AE3: 1 | AG3: 1 | AH3: 1 | AJ3: 1 | AK3: 1 | AL3: 1 | AQ3: 1 | AS3: 1 | AU3: 1 | AV3: 1 | AW3: 1 | AX3: 1 | AY3: 1 | AZ3: 1
A4: 3 | B4: image recognition | G4: 1 | H4: 1 | J4: 1 | K4: 1 | L4: 1 | M4: 1 | N4: 1 | Q4: 1 | R4: 1 | T4: 1 | AQ4: 1 | AR4: 1 | AS4: 1 | AT4: 1 | AU4: 1 | AV4: 1 | AW4: 1
A5: 4 | B5: visual question answering | D5: 1 | G5: 1 | H5: 1 | I5: 1 | J5: 1 | K5: 1 | L5: 1 | M5: 1 | N5: 1 | Q5: 1 | R5: 1 | T5: 1 | AQ5: 1 | AR5: 1 | AS5: 1 | AT5: 1 | AU5: 1 | AV5: 1
A6: 5 | B6: video recognition | D6: 1 | G6: 1 | H6: 1 | J6: 1 | K6: 1 | L6: 1 | M6: 1 | N6: 1 | Q6: 1 | R6: 1 | T6: 1 | AQ6: 1 | AR6: 1 | AS6: 1 | AT6: 1 | AU6: 1 | AV6: 1 | AW6: 1
A7: 6 | B7: generating images | F7: 1 | H7: 1 | J7: 1 | K7: 1 | L7: 1 | N7: 1 | Q7: 1 | R7: 1 | T7: 1 | U7: 1 | AQ7: 1 | AR7: 1 | AS7: 1 | AT7: 1 | AU7: 1 | AV7: 1 | AW7: 1
A8: 7 | B8: reading comprehension | C8: 1 | D8: 1 | J8: 1 | K8: 1 | S8: 1
A9: 8 | B9: language modeling | C9: 1 | D9: 1 | H9: 1 | I9: 1 | J9: 1 | K9: 1 | L9: 1 | M9: 1 | N9: 1 | P9: 1 | Q9: 1 | S9: 1
A10: 9 | B10: conversation | C10: 1 | D10: 1 | E10: 1 | F10: 1 | J10: 1 | K10: 1 | P10: 1 | Q10: 1 | AX10: 1 | AY10: 1 | AZ10: 1 | BA10: 1 | BB10: 1
A11: 10 | B11: translation | C11: 1 | D11: 1 | E11: 1 | F11: 1 | J11: 1 | K11: 1 | N11: 1 | AX11: 1 | AY11: 1 | AZ11: 1 | BA11: 1 | BB11: 1
A12: 11 | B12: speech recognition | C12: 1 | D12: 1 | E12: 1 | F12: 1 | J12: 1 | K12: 1 | N12: 1 | AX12: 1 | AY12: 1 | AZ12: 1 | BA12: 1 | BB12: 1
A13: 12 | B13: solving constrained, well-specified technical problems | G13: 1 | H13: 1 | I13: 1 | J13: 1 | K13: 1 | L13: 1 | M13: 1 | N13: 1 | O13: 1 | P13: 1 | Q13: 1
A14: 13 | B14: solving real-world technical problems | C14: 1 | D14: 1 | E14: 1 | F14: 1 | G14: 1 | H14: 1 | I14: 1 | J14: 1 | K14: 1 | L14: 1 | M14: 1 | N14: 1 | O14: 1 | P14: 1 | Q14: 1 | W14: 1
A15: 14 | B15: generating computer programs from specifications | C15: 1 | D15: 1 | E15: 1 | F15: 1 | G15: 1 | H15: 1 | I15: 1 | J15: 1 | K15: 1 | L15: 1 | M15: 1 | N15: 1 | O15: 1 | P15: 1 | Q15: 1
A16: 15 | B16: automated hacking systems | H16: 1 | I16: 1 | J16: 1 | K16: 1 | L16: 1 | M16: 1 | N16: 1 | O16: 1 | P16: 1 | Q16: 1
A17: 16 | B17: pedestrian detection for self-driving vehicles | H17: 1 | I17: 1 | J17: 1 | K17: 1 | L17: 1 | M17: 1 | N17: 1 | AE17: 1

Sheet Phut
A1: ability_id | B1: abilities | C1: oral comprehension | D1: written comprehension | E1: oral expression | F1: written expression | G1: fluency of ideas | H1: originality | I1: problem sensitivity | J1: deductive reasoning | K1: inductive reasoning | L1: information ordering | M1: category flexibility | N1: mathematical reasoning | O1: number facility | P1: memorization | Q1: speed of closure | R1: flexibility of closure | S1: perceptual speed | T1: spatial orientation | U1: visualization | V1: selective attention | W1: time sharing | X1: arm-hand steadiness | Y1: manual dexterity | Z1: finger dexterity | AA1: control precision | AB1: multilimb coordination | AC1: response orientation | AD1: rate control | AE1: reaction time | AF1: wrist-finger speed | AG1: speed of limb movement | AH1: static strength | AI1: explosive strength | AJ1: dynamic strength | AK1: trunk strength | AL1: stamina | AM1: extent flexibility | AN1: dynamic flexibility | AO1: gross body coordination | AP1: gross body equilibrium | AQ1: near vision | AR1: far vision | AS1: visual color discrimination | AT1: night vision | AU1: peripheral vision | AV1: depth perception | AW1: glare sensitivity | AX1: hearing sensitivity | AY1: auditory attention | AZ1: sound localization | BA1: speech recognition | BB1: speech clarity
A2: 1 | B2: abstract strategy games | D2: 1 | F2: 1 | G2: 1 | H2: 1 | I2: 1 | J2: 1 | K2: 1 | M2: 1 | N2: 1 | Q2: 1 | R2: 1 | S2: 1 | T2: 1 | U2: 1 | V2: 1 | W2: 1 | X2: 1 | Y2: 1 | Z2: 1 | AA2: 1 | AB2: 1 | AC2: 1 | AD2: 1 | AE2: 1 | AF2: 1 | AG2: 1 | AM2: 1 | AN2: 1 | AQ2: 1 | AS2: 1 | AU2: 1 | AV2: 1 | AW2: 1 | AX2: 1 | AY2: 1 | AZ2: 1
A3: 2 | B3: real-time video games | D3: 1 | F3: 1 | G3: 1 | H3: 1 | I3: 1 | J3: 1 | K3: 1 | M3: 1 | N3: 1 | Q3: 1 | R3: 1 | S3: 1 | T3: 1 | U3: 1 | V3: 1 | W3: 1 | X3: 1 | Y3: 1 | Z3: 1 | AA3: 1 | AB3: 1 | AC3: 1 | AD3: 1 | AE3: 1 | AF3: 1 | AG3: 1 | AM3: 1 | AN3: 1 | AQ3: 1 | AS3: 1 | AU3: 1 | AV3: 1 | AW3: 1 | AX3: 1 | AY3: 1 | AZ3: 1
A4: 3 | B4: image recognition | D4: 1 | F4: 1 | G4: 1 | H4: 1 | M4: 1 | N4: 1 | Q4: 1 | R4: 1 | S4: 1 | T4: 1 | U4: 1 | V4: 1 | W4: 1 | AQ4: 1 | AS4: 1 | AV4: 1 | AW4: 1
A5: 4 | B5: visual question answering | D5: 1 | F5: 1 | G5: 1 | H5: 1 | J5: 1 | K5: 1 | M5: 1 | N5: 1 | Q5: 1 | R5: 1 | S5: 1 | T5: 1 | U5: 1 | V5: 1 | W5: 1 | AQ5: 1 | AS5: 1 | AV5: 1 | AW5: 1
A6: 5 | B6: video recognition | D6: 1 | F6: 1 | G6: 1 | H6: 1 | M6: 1 | N6: 1 | Q6: 1 | R6: 1 | S6: 1 | T6: 1 | U6: 1 | V6: 1 | W6: 1 | AQ6: 1 | AS6: 1 | AV6: 1 | AW6: 1 | AY6: 1 | AZ6: 1
A7: 6 | B7: generating images | D7: 1 | F7: 1 | G7: 1 | H7: 1 | M7: 1 | N7: 1 | Q7: 1 | R7: 1 | S7: 1 | T7: 1 | U7: 1 | V7: 1 | W7: 1 | AQ7: 1 | AS7: 1 | AV7: 1 | AW7: 1
A8: 7 | B8: reading comprehension | D8: 1 | F8: 1 | G8: 1 | H8: 1 | I8: 1 | J8: 1 | K8: 1 | L8: 1 | M8: 1 | N8: 1 | Q8: 1 | R8: 1 | U8: 1 | V8: 1 | W8: 1
A9: 8 | B9: language modeling | D9: 1 | F9: 1 | G9: 1 | H9: 1 | I9: 1 | M9: 1 | N9: 1 | Q9: 1 | R9: 1 | U9: 1 | V9: 1 | W9: 1
A10: 9 | B10: conversation | C10: 1 | D10: 1 | E10: 1 | F10: 1 | G10: 1 | H10: 1 | I10: 1 | J10: 1 | K10: 1 | L10: 1 | M10: 1 | N10: 1 | Q10: 1 | R10: 1 | U10: 1 | V10: 1 | W10: 1 | AX10: 1 | AY10: 1 | AZ10: 1 | BA10: 1 | BB10: 1
A11: 10 | B11: translation | D11: 1 | F11: 1 | G11: 1 | H11: 1 | I11: 1 | M11: 1 | N11: 1 | Q11: 1 | R11: 1 | U11: 1 | V11: 1 | W11: 1
A12: 11 | B12: speech recognition | C12: 1 | D12: 1 | E12: 1 | F12: 1 | G12: 1 | H12: 1 | I12: 1 | M12: 1 | N12: 1 | Q12: 1 | R12: 1 | U12: 1 | V12: 1 | W12: 1 | AX12: 1 | AY12: 1 | AZ12: 1 | BA12: 1 | BB12: 1
A13: 12 | B13: solving constrained, well-specified technical problems | D13: 1 | F13: 1 | G13: 1 | H13: 1 | I13: 1 | J13: 1 | K13: 1 | L13: 1 | M13: 1 | N13: 1 | Q13: 1 | R13: 1 | U13: 1 | V13: 1 | W13: 1 | AY13: 1 | BA13: 1 | BB13: 1
A14: 13 | B14: solving real-world technical problems | C14: 1 | D14: 1 | E14: 1 | F14: 1 | G14: 1 | H14: 1 | I14: 1 | J14: 1 | K14: 1 | L14: 1 | M14: 1 | N14: 1 | Q14: 1 | R14: 1 | U14: 1 | V14: 1 | W14: 1 | AY14: 1 | BA14: 1 | BB14: 1
A15: 14 | B15: generating computer programs from specifications | D15: 1 | F15: 1 | G15: 1 | H15: 1 | I15: 1 | J15: 1 | K15: 1 | L15: 1 | M15: 1 | N15: 1 | Q15: 1 | R15: 1 | U15: 1 | V15: 1 | W15: 1
A16: 15 | B16: automated hacking systems | D16: 1 | F16: 1 | G16: 1 | H16: 1 | I16: 1 | J16: 1 | K16: 1 | M16: 1 | N16: 1 | Q16: 1 | R16: 1 | U16: 1 | V16: 1 | W16: 1
A17: 16 | B17: pedestrian detection for self-driving vehicles | D17: 1 | F17: 1 | G17: 1 | H17: 1 | I17: 1 | J17: 1 | K17: 1 | M17: 1 | N17: 1 | Q17: 1 | R17: 1 | S17: 1 | T17: 1 | U17: 1 | V17: 1 | W17: 1 | X17: 1 | AQ17: 1 | AR17: 1 | AS17: 1 | AT17: 1 | AU17: 1 | AV17: 1 | AW17: 1

Sheet Sreyas
A1: ability_id | B1: abilities | C1: oral comprehension | D1: written comprehension | E1: oral expression | F1: written expression | G1: fluency of ideas | H1: originality | I1: problem sensitivity | J1: deductive reasoning | K1: inductive reasoning | L1: information ordering | M1: category flexibility | N1: mathematical reasoning | O1: number facility | P1: memorization | Q1: speed of closure | R1: flexibility of closure | S1: perceptual speed | T1: spatial orientation | U1: visualization | V1: selective attention | W1: time sharing | X1: arm-hand steadiness | Y1: manual dexterity | Z1: finger dexterity | AA1: control precision | AB1: multilimb coordination | AC1: response orientation | AD1: rate control | AE1: reaction time | AF1: wrist-finger speed | AG1: speed of limb movement | AH1: static strength | AI1: explosive strength | AJ1: dynamic strength | AK1: trunk strength | AL1: stamina | AM1: extent flexibility | AN1: dynamic flexibility | AO1: gross body coordination | AP1: gross body equilibrium | AQ1: near vision | AR1: far vision | AS1: visual color discrimination | AT1: night vision | AU1: peripheral vision | AV1: depth perception | AW1: glare sensitivity | AX1: hearing sensitivity | AY1: auditory attention | AZ1: sound localization | BA1: speech recognition | BB1: speech clarity
A2: 1 | B2: abstract strategy games | I2: 1 | J2: 1 | K2: 1 | L2: 1 | N2: 1 | P2: 1 | Q2: 1 | R2: 1
A3: 2 | B3: real-time video games | I3: 1 | Q3: 1 | R3: 1 | S3: 1 | V3: 1 | W3: 1 | X3: 1 | Y3: 1 | Z3: 1 | AA3: 1 | AE3: 1 | AZ3: 1 | BA3: 1
A4: 3 | B4: image recognition | J4: 1 | K4: 1 | P4: 1 | AQ4: 1 | AR4: 1 | AS4: 1 | AT4: 1 | AU4: 1 | AV4: 1 | AW4: 1
A5: 4 | B5: visual question answering | E5: 1 | G5: 1 | P5: 1 | AQ5: 1 | AR5: 1 | AS5: 1 | AT5: 1 | AU5: 1 | AV5: 1 | AW5: 1 | BB5: 1
A6: 5 | B6: video recognition | J6: 1 | K6: 1 | P6: 1 | U6: 1 | AQ6: 1 | AR6: 1 | AS6: 1 | AT6: 1 | AU6: 1 | AV6: 1 | AW6: 1
A7: 6 | B7: generating images | G7: 1 | H7: 1 | U7: 1
A8: 7 | B8: reading comprehension | D8: 1 | G8: 1 | H8: 1 | J8: 1 | K8: 1 | L8: 1
A9: 8 | B9: language modeling | C9: 1 | D9: 1 | E9: 1 | F9: 1 | G9: 1 | H9: 1 | J9: 1 | K9: 1 | L9: 1 | M9: 1 | BA9: 1 | BB9: 1
A10: 9 | B10: conversation | C10: 1 | E10: 1 | G10: 1 | H10: 1 | J10: 1 | K10: 1 | L10: 1 | P10: 1 | BA10: 1 | BB10: 1
A11: 10 | B11: translation | C11: 1 | D11: 1 | E11: 1 | F11: 1 | J11: 1 | K11: 1 | L11: 1 | P11: 1 | AX11: 1 | AY11: 1 | AZ11: 1 | BA11: 1 | BB11: 1
A12: 11 | B12: speech recognition | C12: 1 | AX12: 1 | AY12: 1 | AZ12: 1 | BA12: 1 | BB12: 1
A13: 12 | B13: solving constrained, well-specified technical problems | C13: 1 | D13: 1 | H13: 1 | I13: 1 | J13: 1 | K13: 1 | L13: 1 | N13: 1 | AY13: 1
A14: 13 | B14: solving real-world technical problems | C14: 1 | D14: 1 | G14: 1 | H14: 1 | I14: 1 | J14: 1 | K14: 1 | L14: 1 | M14: 1 | N14: 1 | R14: 1 | S14: 1 | U14: 1 | V14: 1 | W14: 1 | AM14: 1 | AN14: 1
A15: 14 | B15: generating computer programs from specifications | C15: 1 | D15: 1 | G15: 1 | L15: 1 | N15: 1
A16: 15 | B16: automated hacking systems | G16: 1 | H16: 1 | I16: 1 | J16: 1 | K16: 1 | L16: 1 | N16: 1
A17: 16 | B17: pedestrian detection for self-driving vehicles | I17: 1 | J17: 1 | K17: 1 | L17: 1 | N17: 1 | P17: 1 | Q17: 1 | S17: 1 | T17: 1 | V17: 1 | AQ17: 1 | AR17: 1 | AS17: 1 | AT17: 1 | AU17: 1 | AV17: 1 | AW17: 1
